Ticker;Model;Maturity;DP(%);Sigma;Mu;H
SAP GY Equity;Merton;1;0.0;0.28673280185977984;0.14426787137029914;0.5
SAP GY Equity;Merton;5;0.0010824143876653203;0.2867823057393177;0.1443061963719303;0.5
SAP GY Equity;Merton;10;0.04225720325594651;0.2875591958315294;0.1448946492560563;0.5
SAP GY Equity;Necula;1;0.0;0.2917789348815403;0.14531812967278393;0.5102783914496621
SAP GY Equity;Necula;5;0.0006119417745642508;0.29183468370430415;0.14533995727658472;0.510287248105299
SAP GY Equity;Necula;10;0.016531149377896348;0.2929432958844529;0.14585924666779132;0.5104176135888695
SAP GY Equity;Rostek;1;0.0;0.2917789348815337;0.1453181296727824;0.5102783914496607
SAP GY Equity;Rostek;5;0.0005365132304535614;0.2918328309771827;0.14533997219350986;0.5102870934734325
SAP GY Equity;Rostek;10;0.015502658366883804;0.29293036821918694;0.14586893614997354;0.510417687477182
MRK GY Equity;Merton;1;1.2920775560587572e-10;0.24822821671497652;0.1913329599283235;0.5
MRK GY Equity;Merton;5;0.0025687264008422694;0.2493917935489019;0.19233620060388815;0.5
MRK GY Equity;Merton;10;0.013978667107350518;0.25461231921006183;0.19692020891171286;0.5
MRK GY Equity;Necula;1;4.327316283081473e-09;0.2649728373804249;0.1949919631029856;0.5193731011816985
MRK GY Equity;Necula;5;0.0057047065164517186;0.26635825324770057;0.19584817916719957;0.5191277231998881
MRK GY Equity;Necula;10;0.021247478355768123;0.27339767687364175;0.20097224623583326;0.5186008152914305
MRK GY Equity;Rostek;1;1.2394862913822635e-09;0.26497283399933985;0.19499196221844783;0.5193731077073556
MRK GY Equity;Rostek;5;0.0046620912256822855;0.26630785116676103;0.19586756146322987;0.5191380324309033
MRK GY Equity;Rostek;10;0.018760596048839062;0.27328323109736746;0.20111265925416888;0.5186146265440327
AI FP Equity;Merton;1;1.8096635301390052e-12;0.23354959673287143;0.14473958597061787;0.5
AI FP Equity;Merton;5;0.00231018571730246;0.23384612541670782;0.14501647302903412;0.5
AI FP Equity;Merton;10;0.026227177897153453;0.23614234307455909;0.14699055252875937;0.5
AI FP Equity;Necula;1;7.105427357601002e-13;0.22873106475152008;0.14315965817021162;0.5142545955053643
AI FP Equity;Necula;5;0.0009540671267238565;0.22887519198928025;0.14324356396227586;0.5142260226253342
AI FP Equity;Necula;10;0.009039277282063551;0.2307663503374231;0.1444816363821797;0.5140545612787139
AI FP Equity;Rostek;1;1.9984014443252818e-13;0.22873106475112767;0.14315965817012366;0.5142545955064477
AI FP Equity;Rostek;5;0.0008035371002912406;0.22886960491106534;0.1432460951198521;0.5142276128177057
AI FP Equity;Rostek;10;0.008238227899426409;0.2307392967693885;0.14452067061195645;0.5140603105212366
CRH LN Equity;Merton;1;0.007186987919227672;0.30316446572935823;0.07285325980378955;0.5
CRH LN Equity;Merton;5;7.160201199109406;0.32447760145060206;0.08518471079648997;0.5
CRH LN Equity;Merton;10;22.288396581291202;0.3565672273300154;0.1007174769288405;0.5
CRH LN Equity;Necula;1;0.0009513160379448493;0.2892299815442644;0.06834762296117784;0.4788672289218868
CRH LN Equity;Necula;5;1.8570883341280098;0.29916231544176053;0.07221335428321835;0.47681529459195804
CRH LN Equity;Necula;10;5.677951425952676;0.3206196253305883;0.08094609704791517;0.47536610900060844
CRH LN Equity;Rostek;1;0.0016949747416283856;0.2892325744745091;0.06834796568243026;0.4788557036971087
CRH LN Equity;Rostek;5;2.036713508472021;0.29947532965133244;0.07196929998815894;0.4768110029547525
CRH LN Equity;Rostek;10;6.040305248791922;0.32101993015155755;0.0802302271780629;0.4753792929161862
SRG IM Equity;Merton;1;0.03972610224569628;0.19335868616397026;-0.008356016456711392;0.5
SRG IM Equity;Merton;5;16.632700261025402;0.20914290160817384;-0.0024625897991441756;0.5
SRG IM Equity;Merton;10;44.09231990637751;0.23672047210987648;0.003262802200832516;0.5
SRG IM Equity;Necula;1;3.442831741917729e-06;0.13469672171206712;-0.018108265919165124;0.4425282416823514
SRG IM Equity;Necula;5;1.628252100100358;0.1351421864227272;-0.018052258701426325;0.4419795554802825
SRG IM Equity;Necula;10;11.70096589419849;0.13795708888178093;-0.017887057492543587;0.4408163979782367
SRG IM Equity;Rostek;1;3.175427454316093e-05;0.13469665404886785;-0.01810827685286937;0.4425279689753074
SRG IM Equity;Rostek;5;1.93997767002404;0.1351898481666679;-0.018138769637092322;0.44192889289956266
SRG IM Equity;Rostek;10;12.47822103484153;0.1380494994250369;-0.018300797428334566;0.44075085960124133
DAI GY Equity;Merton;1;0.9563748621446932;0.10753757023103525;-0.016393514704510892;0.5
DAI GY Equity;Merton;5;43.06561126439392;0.16778935868190065;-0.003878062063458726;0.5
DAI GY Equity;Merton;10;75.67060216054197;0.26116144384456236;0.0103154262649786;0.5
DAI GY Equity;Necula;1;2.4824808485852445;0.12454999985206708;-0.01571184251703162;0.531755777051582
DAI GY Equity;Necula;5;52.744608505957814;0.21776574854204997;-0.014219183703047311;0.5243091992956328
DAI GY Equity;Necula;10;76.50135003749028;0.35314777753185417;0.003849463850149684;0.5218220593636566
DAI GY Equity;Rostek;1;1.9050898485442058;0.12383536796204815;-0.015618942539670683;0.5321042503439231
DAI GY Equity;Rostek;5;50.80760700764101;0.2156134088801467;-0.01149683873047723;0.5244019366251044
DAI GY Equity;Rostek;10;75.00388316372542;0.35090830136776546;0.007780996655506543;0.5218541742283701
VIE FP Equity;Merton;1;1.0879736749555224;0.16104872442905882;-0.07911568611554752;0.5
VIE FP Equity;Merton;5;60.22736552656356;0.177026004434743;-0.0802920649335629;0.5
VIE FP Equity;Merton;10;91.991852589384;0.20510913435665323;-0.08815008368327881;0.5
VIE FP Equity;Necula;1;7.113985007665091;0.23452995077522146;-0.06652069141647478;0.5610484614471031
VIE FP Equity;Necula;5;67.90946409528662;0.2991911687468042;-0.084653130009855;0.5561175129231212
VIE FP Equity;Necula;10;90.11668014118197;0.38235939770110106;-0.09390087445636122;0.5543070977748494
VIE FP Equity;Rostek;1;5.0768668243280075;0.23395171782256527;-0.0656277476177019;0.5613803850010518
VIE FP Equity;Rostek;5;65.17065990574254;0.2962798258449049;-0.07766908583153773;0.5565015363123077
VIE FP Equity;Rostek;10;88.75384005033753;0.379437872826111;-0.08561661970359982;0.5545472167930681
AMP IM Equity;Merton;1;1.4856037511279396e-07;0.35879336705277864;0.39453504042012727;0.5
AMP IM Equity;Merton;5;0.004519040778616645;0.36623327573662334;0.40299512239344404;0.5
AMP IM Equity;Merton;10;0.006840729834001191;0.3819438114170668;0.4213578172870554;0.5
AMP IM Equity;Necula;1;6.886961856356066e-06;0.398023238367541;0.4079924285544295;0.5302946530288488
AMP IM Equity;Necula;5;0.016396518381633918;0.40720687132683453;0.4175393605836357;0.5288810208551052
AMP IM Equity;Necula;10;0.01790416818669982;0.42793617815096263;0.4412384246081894;0.5276671034159084
AMP IM Equity;Rostek;1;1.7362132842535516e-06;0.3980217818624188;0.4079918567534655;0.530298210843484
AMP IM Equity;Rostek;5;0.012065159882812537;0.4069285477992544;0.41768971995632215;0.5289492627693919
AMP IM Equity;Rostek;10;0.014318068606133938;0.42759800133481773;0.4417114076459511;0.5277262871515984
FR FP Equity;Merton;1;2.2007376889834784;0.31903435574191313;-0.10573152900875818;0.5
FR FP Equity;Merton;5;68.97743669003509;0.40234121463146105;-0.08578566680380945;0.5
FR FP Equity;Merton;10;94.55354941597477;0.4864558616911535;-0.07570370537248577;0.5
FR FP Equity;Necula;1;15.675549268539745;0.5582226917212503;-0.012849930587297331;0.5827624785260943
FR FP Equity;Necula;5;73.32876067871972;0.8603301780834823;0.1273218700640573;0.5771292587673863
FR FP Equity;Necula;10;88.55520874915695;0.9640830430650148;0.2073554003157661;0.5757482073516704
FR FP Equity;Rostek;1;10.200231800260372;0.54469409039586;-0.013430367016782713;0.5834558628293736
FR FP Equity;Rostek;5;69.04208668020706;0.8485560125787627;0.13348087502014994;0.5773049685418092
FR FP Equity;Rostek;10;86.55513668996593;0.9604905124172992;0.20950298447417842;0.5758055501775196
EO FP Equity;Merton;1;1.8130619383658453;0.276870747312469;-0.07195569044004638;0.5
EO FP Equity;Merton;5;58.99120471737533;0.32928329796766337;-0.06137772730460003;0.5
EO FP Equity;Merton;10;89.50093410281906;0.3920068497519076;-0.057955850808185036;0.5
EO FP Equity;Necula;1;1.4635852029079799;0.28387125170647587;-0.07098568795086087;0.49820067993247036
EO FP Equity;Necula;5;46.74529337256465;0.33209844228318847;-0.07052071857826701;0.4946955421153535
EO FP Equity;Necula;10;76.1504810617142;0.39339945672565635;-0.06895951287659446;0.49307960674949913
EO FP Equity;Rostek;1;1.4871309219654294;0.28388743360994095;-0.07098837949803219;0.49819498173746424
EO FP Equity;Rostek;5;46.98058744709536;0.33232949647094945;-0.07086991434535796;0.4946865020310375
EO FP Equity;Rostek;10;76.38944315683644;0.393674156545729;-0.0696279745752538;0.49307306731436595
GET FP Equity;Merton;1;0.20016948095812337;0.23934666392963072;-0.10231143111858187;0.5
GET FP Equity;Merton;5;49.442832722126006;0.2562324525706852;-0.10009457054808309;0.5
GET FP Equity;Merton;10;87.71994010987483;0.2846917672613712;-0.10253320731808904;0.5
GET FP Equity;Necula;1;3.52078130106398;0.35476002070715035;-0.068717932546958;0.5685631065021739
GET FP Equity;Necula;5;56.43247805553615;0.4173550092071779;-0.07352345472833985;0.5611290538635895
GET FP Equity;Necula;10;82.69150500745886;0.48638470926492045;-0.06845164921940294;0.5582800894393626
GET FP Equity;Rostek;1;2.0476843722059157;0.3541328125889584;-0.06825830966047541;0.5689152793376538
GET FP Equity;Rostek;5;53.37814183924073;0.4139362271839138;-0.06788228807334697;0.5613886467586641
GET FP Equity;Rostek;10;81.01113758783924;0.48354456591719114;-0.06266321178882905;0.5584117682918541
LHA GY Equity;Merton;1;20.543386451614932;0.2155256927978282;-0.15310813301190407;0.5
LHA GY Equity;Merton;5;94.68625636765135;0.306177805206703;-0.17630409470718253;0.5
LHA GY Equity;Merton;10;99.84935589451506;0.4102749395026029;-0.21356126211746276;0.5
LHA GY Equity;Necula;1;29.16915549451694;0.2899996776103193;-0.14648188160915113;0.5501140086073072
LHA GY Equity;Necula;5;91.98992333913412;0.47383717140664233;-0.19785338303041045;0.5414125560919473
LHA GY Equity;Necula;10;98.64824723899797;0.6227304409975629;-0.20706757122170802;0.5391067931688923
LHA GY Equity;Rostek;1;25.89047319844624;0.28668562805872744;-0.14351400751705473;0.5508498561879702
LHA GY Equity;Rostek;5;91.17464909532569;0.4680333706671244;-0.18760054329064235;0.5416873482447274
LHA GY Equity;Rostek;10;98.50206540306704;0.6192628138566844;-0.19960934851442008;0.5392268095957008
PIA IM Equity;Merton;1;0.06331122182862137;0.2448660329093093;-0.0459621575649155;0.5
PIA IM Equity;Merton;5;28.7062771808546;0.2649191390006274;-0.040102585324805415;0.5
PIA IM Equity;Merton;10;66.60529759163819;0.2968943453412143;-0.03594982057779153;0.5
PIA IM Equity;Necula;1;0.1281199229090646;0.2657736430368879;-0.04049108872429477;0.5147813681185227
PIA IM Equity;Necula;5;25.66684416789552;0.29769442006798436;-0.0372354417063748;0.5165017063586438
PIA IM Equity;Necula;10;56.44569394197645;0.34698820359603844;-0.032468136123518676;0.517679474493682
PIA IM Equity;Rostek;1;0.10178372252196421;0.2657271304169053;-0.040498067017855;0.5147834158295783
PIA IM Equity;Rostek;5;25.021878608499794;0.29714991100576654;-0.036684090621442816;0.5164856849470884
PIA IM Equity;Rostek;10;55.672309916023345;0.34634002737260033;-0.03133271117869944;0.5176692522187115
CO FP Equity;Merton;1;65.50423058679948;0.07097575961936167;-0.1654853992446005;0.5
CO FP Equity;Merton;5;99.99985164534583;0.08121226250218966;-0.18634183342324154;0.5
CO FP Equity;Merton;10;99.99999999999034;0.1007313218081405;-0.22853660081148522;0.5
CO FP Equity;Necula;1;62.69520623424193;0.08171438834871243;-0.16500038382787932;0.5239609438435661
CO FP Equity;Necula;5;99.9982223560821;0.09656714770437493;-0.2005912839385537;0.5200045683161106
CO FP Equity;Necula;10;99.99999999743896;0.1263877260409749;-0.26421208512154326;0.518019671237137
CO FP Equity;Rostek;1;62.77532799681882;0.08166917890704718;-0.16474680817289938;0.5240596515786631
CO FP Equity;Rostek;5;99.99835555458102;0.09625675081896216;-0.19919724874713438;0.5200959679928593
CO FP Equity;Rostek;10;99.99999999744414;0.12595886756185082;-0.2620325431514512;0.518081697176674
